/ /index.html 200

/about /pages/about.html 200
/blog /pages/blog.html 200
/contact /pages/contact.html 200
/illuminati /pages/illuminati.html 200
/john /pages/john.html 200
/lacasa /pages/lacasa.html 200
/lost /pages/lost.html 200
/prison /pages/prison.html 200
/projects /pages/projects.html 200
/reviews /pages/reviews.html 200
/taken /pages/taken.html 200
/acropolis /pages/acropolis.html 200

/admin /admin/index.html 200

/* /index.html 404
